<?xml version="1.0" encoding="UTF-8"?>
<!DOCTYPE mapper PUBLIC "-//mybatis.org//DTD Mapper 3.0//EN" "http://mybatis.org/dtd/mybatis-3-mapper.dtd">
<mapper namespace="com.phms.mapper.PetDailyMapper">
  <resultMap id="BaseResultMap" type="com.phms.pojo.PetDaily">
    <!--
      WARNING - @mbg.generated
      This element is automatically generated by MyBatis Generator, do not modify.
      This element was generated on Mon Apr 06 17:03:33 CST 2020.
    -->
    <id column="id" jdbcType="BIGINT" property="id" />
    <result column="pet_id" jdbcType="BIGINT" property="petId" />
    <result column="user_id" jdbcType="BIGINT" property="userId" />
    <result column="temperature" jdbcType="BIGINT" property="temperature" />
    <result column="weight" jdbcType="DOUBLE" property="weight" />
    <result column="height" jdbcType="DOUBLE" property="height" />
    <result column="appetite" jdbcType="DOUBLE" property="appetite" />
    <result column="status" jdbcType="INTEGER" property="status" />
    <result column="create_time" jdbcType="TIMESTAMP" property="createTime" />
  </resultMap>
  <sql id="Example_Where_Clause">
    <!--
      WARNING - @mbg.generated
      This element is automatically generated by MyBatis Generator, do not modify.
      This element was generated on Mon Apr 06 17:03:33 CST 2020.
    -->
    <where>
      <foreach collection="oredCriteria" item="criteria" separator="or">
        <if test="criteria.valid">
          <trim prefix="(" prefixOverrides="and" suffix=")">
            <foreach collection="criteria.criteria" item="criterion">
              <choose>
                <when test="criterion.noValue">
                  and ${criterion.condition}
                </when>
                <when test="criterion.singleValue">
                  and ${criterion.condition} #{criterion.value}
                </when>
                <when test="criterion.betweenValue">
                  and ${criterion.condition} #{criterion.value} and #{criterion.secondValue}
                </when>
                <when test="criterion.listValue">
                  and ${criterion.condition}
                  <foreach close=")" collection="criterion.value" item="listItem" open="(" separator=",">
                    #{listItem}
                  </foreach>
                </when>
              </choose>
            </foreach>
          </trim>
        </if>
      </foreach>
    </where>
  </sql>
  <sql id="Update_By_Example_Where_Clause">
    <!--
      WARNING - @mbg.generated
      This element is automatically generated by MyBatis Generator, do not modify.
      This element was generated on Mon Apr 06 17:03:33 CST 2020.
    -->
    <where>
      <foreach collection="example.oredCriteria" item="criteria" separator="or">
        <if test="criteria.valid">
          <trim prefix="(" prefixOverrides="and" suffix=")">
            <foreach collection="criteria.criteria" item="criterion">
              <choose>
                <when test="criterion.noValue">
                  and ${criterion.condition}
                </when>
                <when test="criterion.singleValue">
                  and ${criterion.condition} #{criterion.value}
                </when>
                <when test="criterion.betweenValue">
                  and ${criterion.condition} #{criterion.value} and #{criterion.secondValue}
                </when>
                <when test="criterion.listValue">
                  and ${criterion.condition}
                  <foreach close=")" collection="criterion.value" item="listItem" open="(" separator=",">
                    #{listItem}
                  </foreach>
                </when>
              </choose>
            </foreach>
          </trim>
        </if>
      </foreach>
    </where>
  </sql>
  <sql id="Base_Column_List">
    <!--
      WARNING - @mbg.generated
      This element is automatically generated by MyBatis Generator, do not modify.
      This element was generated on Mon Apr 06 17:03:33 CST 2020.
    -->
    id, pet_id, user_id, temperature, weight, height, appetite, status, create_time
  </sql>
  <select id="selectByExample" parameterType="com.phms.pojo.PetDailyExample" resultMap="BaseResultMap">
    <!--
      WARNING - @mbg.generated
      This element is automatically generated by MyBatis Generator, do not modify.
      This element was generated on Mon Apr 06 17:03:33 CST 2020.
    -->
    select
    <if test="distinct">
      distinct
    </if>
    <include refid="Base_Column_List" />
    from pet_daily
    <if test="_parameter != null">
      <include refid="Example_Where_Clause" />
    </if>
    <if test="orderByClause != null">
      order by ${orderByClause}
    </if>
  </select>
  <select id="selectByPrimaryKey" parameterType="java.lang.Long" resultMap="BaseResultMap">
    <!--
      WARNING - @mbg.generated
      This element is automatically generated by MyBatis Generator, do not modify.
      This element was generated on Mon Apr 06 17:03:33 CST 2020.
    -->
    select 
    <include refid="Base_Column_List" />
    from pet_daily
    where id = #{id,jdbcType=BIGINT}
  </select>
  <delete id="deleteByPrimaryKey" parameterType="java.lang.Long">
    <!--
      WARNING - @mbg.generated
      This element is automatically generated by MyBatis Generator, do not modify.
      This element was generated on Mon Apr 06 17:03:33 CST 2020.
    -->
    delete from pet_daily
    where id = #{id,jdbcType=BIGINT}
  </delete>
  <delete id="deleteByExample" parameterType="com.phms.pojo.PetDailyExample">
    <!--
      WARNING - @mbg.generated
      This element is automatically generated by MyBatis Generator, do not modify.
      This element was generated on Mon Apr 06 17:03:33 CST 2020.
    -->
    delete from pet_daily
    <if test="_parameter != null">
      <include refid="Example_Where_Clause" />
    </if>
  </delete>
  <insert id="insert" parameterType="com.phms.pojo.PetDaily">
    <!--
      WARNING - @mbg.generated
      This element is automatically generated by MyBatis Generator, do not modify.
      This element was generated on Mon Apr 06 17:03:33 CST 2020.
    -->
    insert into pet_daily (id, pet_id, user_id, 
      temperature, weight, height, 
      appetite, status, create_time
      )
    values (#{id,jdbcType=BIGINT}, #{petId,jdbcType=BIGINT}, #{userId,jdbcType=BIGINT}, 
      #{temperature,jdbcType=BIGINT}, #{weight,jdbcType=DOUBLE}, #{height,jdbcType=DOUBLE}, 
      #{appetite,jdbcType=DOUBLE}, #{status,jdbcType=INTEGER}, #{createTime,jdbcType=TIMESTAMP}
      )
  </insert>
  <insert id="insertSelective" parameterType="com.phms.pojo.PetDaily">
    <!--
      WARNING - @mbg.generated
      This element is automatically generated by MyBatis Generator, do not modify.
      This element was generated on Mon Apr 06 17:03:33 CST 2020.
    -->
    insert into pet_daily
    <trim prefix="(" suffix=")" suffixOverrides=",">
      <if test="id != null">
        id,
      </if>
      <if test="petId != null">
        pet_id,
      </if>
      <if test="userId != null">
        user_id,
      </if>
      <if test="temperature != null">
        temperature,
      </if>
      <if test="weight != null">
        weight,
      </if>
      <if test="height != null">
        height,
      </if>
      <if test="appetite != null">
        appetite,
      </if>
      <if test="status != null">
        status,
      </if>
      <if test="createTime != null">
        create_time,
      </if>
    </trim>
    <trim prefix="values (" suffix=")" suffixOverrides=",">
      <if test="id != null">
        #{id,jdbcType=BIGINT},
      </if>
      <if test="petId != null">
        #{petId,jdbcType=BIGINT},
      </if>
      <if test="userId != null">
        #{userId,jdbcType=BIGINT},
      </if>
      <if test="temperature != null">
        #{temperature,jdbcType=BIGINT},
      </if>
      <if test="weight != null">
        #{weight,jdbcType=DOUBLE},
      </if>
      <if test="height != null">
        #{height,jdbcType=DOUBLE},
      </if>
      <if test="appetite != null">
        #{appetite,jdbcType=DOUBLE},
      </if>
      <if test="status != null">
        #{status,jdbcType=INTEGER},
      </if>
      <if test="createTime != null">
        #{createTime,jdbcType=TIMESTAMP},
      </if>
    </trim>
  </insert>
  <select id="countByExample" parameterType="com.phms.pojo.PetDailyExample" resultType="java.lang.Long">
    <!--
      WARNING - @mbg.generated
      This element is automatically generated by MyBatis Generator, do not modify.
      This element was generated on Mon Apr 06 17:03:33 CST 2020.
    -->
    select count(*) from pet_daily
    <if test="_parameter != null">
      <include refid="Example_Where_Clause" />
    </if>
  </select>
  <update id="updateByExampleSelective" parameterType="map">
    <!--
      WARNING - @mbg.generated
      This element is automatically generated by MyBatis Generator, do not modify.
      This element was generated on Mon Apr 06 17:03:33 CST 2020.
    -->
    update pet_daily
    <set>
      <if test="record.id != null">
        id = #{record.id,jdbcType=BIGINT},
      </if>
      <if test="record.petId != null">
        pet_id = #{record.petId,jdbcType=BIGINT},
      </if>
      <if test="record.userId != null">
        user_id = #{record.userId,jdbcType=BIGINT},
      </if>
      <if test="record.temperature != null">
        temperature = #{record.temperature,jdbcType=BIGINT},
      </if>
      <if test="record.weight != null">
        weight = #{record.weight,jdbcType=DOUBLE},
      </if>
      <if test="record.height != null">
        height = #{record.height,jdbcType=DOUBLE},
      </if>
      <if test="record.appetite != null">
        appetite = #{record.appetite,jdbcType=DOUBLE},
      </if>
      <if test="record.status != null">
        status = #{record.status,jdbcType=INTEGER},
      </if>
      <if test="record.createTime != null">
        create_time = #{record.createTime,jdbcType=TIMESTAMP},
      </if>
    </set>
    <if test="_parameter != null">
      <include refid="Update_By_Example_Where_Clause" />
    </if>
  </update>
  <update id="updateByExample" parameterType="map">
    <!--
      WARNING - @mbg.generated
      This element is automatically generated by MyBatis Generator, do not modify.
      This element was generated on Mon Apr 06 17:03:33 CST 2020.
    -->
    update pet_daily
    set id = #{record.id,jdbcType=BIGINT},
      pet_id = #{record.petId,jdbcType=BIGINT},
      user_id = #{record.userId,jdbcType=BIGINT},
      temperature = #{record.temperature,jdbcType=BIGINT},
      weight = #{record.weight,jdbcType=DOUBLE},
      height = #{record.height,jdbcType=DOUBLE},
      appetite = #{record.appetite,jdbcType=DOUBLE},
      status = #{record.status,jdbcType=INTEGER},
      create_time = #{record.createTime,jdbcType=TIMESTAMP}
    <if test="_parameter != null">
      <include refid="Update_By_Example_Where_Clause" />
    </if>
  </update>
  <update id="updateByPrimaryKeySelective" parameterType="com.phms.pojo.PetDaily">
    <!--
      WARNING - @mbg.generated
      This element is automatically generated by MyBatis Generator, do not modify.
      This element was generated on Mon Apr 06 17:03:33 CST 2020.
    -->
    update pet_daily
    <set>
      <if test="petId != null">
        pet_id = #{petId,jdbcType=BIGINT},
      </if>
      <if test="userId != null">
        user_id = #{userId,jdbcType=BIGINT},
      </if>
      <if test="temperature != null">
        temperature = #{temperature,jdbcType=BIGINT},
      </if>
      <if test="weight != null">
        weight = #{weight,jdbcType=DOUBLE},
      </if>
      <if test="height != null">
        height = #{height,jdbcType=DOUBLE},
      </if>
      <if test="appetite != null">
        appetite = #{appetite,jdbcType=DOUBLE},
      </if>
      <if test="status != null">
        status = #{status,jdbcType=INTEGER},
      </if>
      <if test="createTime != null">
        create_time = #{createTime,jdbcType=TIMESTAMP},
      </if>
    </set>
    where id = #{id,jdbcType=BIGINT}
  </update>
  <update id="updateByPrimaryKey" parameterType="com.phms.pojo.PetDaily">
    <!--
      WARNING - @mbg.generated
      This element is automatically generated by MyBatis Generator, do not modify.
      This element was generated on Mon Apr 06 17:03:33 CST 2020.
    -->
    update pet_daily
    set pet_id = #{petId,jdbcType=BIGINT},
      user_id = #{userId,jdbcType=BIGINT},
      temperature = #{temperature,jdbcType=BIGINT},
      weight = #{weight,jdbcType=DOUBLE},
      height = #{height,jdbcType=DOUBLE},
      appetite = #{appetite,jdbcType=DOUBLE},
      status = #{status,jdbcType=INTEGER},
      create_time = #{createTime,jdbcType=TIMESTAMP}
    where id = #{id,jdbcType=BIGINT}
  </update>


  <select id="getAllByLimit"
          parameterType="com.phms.pojo.PetDaily"
          resultMap="BaseResultMap">
    SELECT
    <include refid="Base_Column_List" />
    FROM `pet_daily`
    <where>
    <if test="userId !=null and userId!=''">
      user_id = #{userId}
    </if>
      <if test="petId !=null and petId!=''">
        pet_id = #{petId}
      </if>
      <if test="status !=null and status!=''">
        status = #{status}
      </if>
    </where>
    ORDER BY id DESC
    <if test="limit!=null">
      limit #{page}, #{limit}
    </if>
  </select>

  <select id="countAllByLimit"
          parameterType="com.phms.pojo.PetDaily"
          resultType="int">
    SELECT count(id)
    FROM `pet_daily`
    <where>
      <if test="userId !=null and userId!=''">
        user_id = #{userId}
      </if>
      <if test="petId !=null and petId!=''">
        pet_id = #{petId}
      </if>
      <if test="status !=null and status!=''">
        status = #{status}
      </if>
    </where>
  </select>
</mapper>