<?xml version="1.0" encoding="UTF-8"?>
<!DOCTYPE mapper PUBLIC "-//mybatis.org//DTD Mapper 3.0//EN" "http://mybatis.org/dtd/mybatis-3-mapper.dtd">
<mapper namespace="com.phms.mapper.UserRoleMapper">
  <resultMap id="BaseResultMap" type="com.phms.pojo.UserRole">
    <id column="ur_id" jdbcType="INTEGER" property="urId" />
    <result column="user_id" jdbcType="VARCHAR" property="userId" />
    <result column="role_id" jdbcType="INTEGER" property="roleId" />
  </resultMap>
  <sql id="Example_Where_Clause">
    <where>
      <foreach collection="oredCriteria" item="criteria" separator="or">
        <if test="criteria.valid">
          <trim prefix="(" prefixOverrides="and" suffix=")">
            <foreach collection="criteria.criteria" item="criterion">
              <choose>
                <when test="criterion.noValue">
                  and ${criterion.condition}
                </when>
                <when test="criterion.singleValue">
                  and ${criterion.condition} #{criterion.value}
                </when>
                <when test="criterion.betweenValue">
                  and ${criterion.condition} #{criterion.value} and #{criterion.secondValue}
                </when>
                <when test="criterion.listValue">
                  and ${criterion.condition}
                  <foreach close=")" collection="criterion.value" item="listItem" open="(" separator=",">
                    #{listItem}
                  </foreach>
                </when>
              </choose>
            </foreach>
          </trim>
        </if>
      </foreach>
    </where>
  </sql>
  <sql id="Update_By_Example_Where_Clause">
    <where>
      <foreach collection="example.oredCriteria" item="criteria" separator="or">
        <if test="criteria.valid">
          <trim prefix="(" prefixOverrides="and" suffix=")">
            <foreach collection="criteria.criteria" item="criterion">
              <choose>
                <when test="criterion.noValue">
                  and ${criterion.condition}
                </when>
                <when test="criterion.singleValue">
                  and ${criterion.condition} #{criterion.value}
                </when>
                <when test="criterion.betweenValue">
                  and ${criterion.condition} #{criterion.value} and #{criterion.secondValue}
                </when>
                <when test="criterion.listValue">
                  and ${criterion.condition}
                  <foreach close=")" collection="criterion.value" item="listItem" open="(" separator=",">
                    #{listItem}
                  </foreach>
                </when>
              </choose>
            </foreach>
          </trim>
        </if>
      </foreach>
    </where>
  </sql>
  <sql id="Base_Column_List">
    ur_id, user_id, role_id
  </sql>
  <select id="selectByExample" parameterType="com.phms.pojo.UserRoleExample" resultMap="BaseResultMap">
    select
    <if test="distinct">
      distinct
    </if>
    <include refid="Base_Column_List" />
    from user_role
    <if test="_parameter != null">
      <include refid="Example_Where_Clause" />
    </if>
    <if test="orderByClause != null">
      order by ${orderByClause}
    </if>
  </select>
  <select id="selectByPrimaryKey" parameterType="java.lang.Integer" resultMap="BaseResultMap">
    select 
    <include refid="Base_Column_List" />
    from user_role
    where ur_id = #{urId,jdbcType=INTEGER}
  </select>
  <delete id="deleteByPrimaryKey" parameterType="java.lang.Integer">
    delete from user_role
    where ur_id = #{urId,jdbcType=INTEGER}
  </delete>
  <delete id="deleteByExample" parameterType="com.phms.pojo.UserRoleExample">
    delete from user_role
    <if test="_parameter != null">
      <include refid="Example_Where_Clause" />
    </if>
  </delete>
  <insert id="insert" parameterType="com.phms.pojo.UserRole">
    insert into user_role (ur_id, user_id, role_id
      )
    values (#{urId,jdbcType=INTEGER}, #{userId,jdbcType=VARCHAR}, #{roleId,jdbcType=INTEGER}
      )
  </insert>
  <insert id="insertSelective" parameterType="com.phms.pojo.UserRole">
    insert into user_role
    <trim prefix="(" suffix=")" suffixOverrides=",">
      <if test="urId != null">
        ur_id,
      </if>
      <if test="userId != null">
        user_id,
      </if>
      <if test="roleId != null">
        role_id,
      </if>
    </trim>
    <trim prefix="values (" suffix=")" suffixOverrides=",">
      <if test="urId != null">
        #{urId,jdbcType=INTEGER},
      </if>
      <if test="userId != null">
        #{userId,jdbcType=VARCHAR},
      </if>
      <if test="roleId != null">
        #{roleId,jdbcType=INTEGER},
      </if>
    </trim>
  </insert>
  <select id="countByExample" parameterType="com.phms.pojo.UserRoleExample" resultType="java.lang.Long">
    select count(*) from user_role
    <if test="_parameter != null">
      <include refid="Example_Where_Clause" />
    </if>
  </select>
  <update id="updateByExampleSelective" parameterType="map">
    update user_role
    <set>
      <if test="record.urId != null">
        ur_id = #{record.urId,jdbcType=INTEGER},
      </if>
      <if test="record.userId != null">
        user_id = #{record.userId,jdbcType=VARCHAR},
      </if>
      <if test="record.roleId != null">
        role_id = #{record.roleId,jdbcType=INTEGER},
      </if>
    </set>
    <if test="_parameter != null">
      <include refid="Update_By_Example_Where_Clause" />
    </if>
  </update>
  <update id="updateByExample" parameterType="map">
    update user_role
    set ur_id = #{record.urId,jdbcType=INTEGER},
      user_id = #{record.userId,jdbcType=VARCHAR},
      role_id = #{record.roleId,jdbcType=INTEGER}
    <if test="_parameter != null">
      <include refid="Update_By_Example_Where_Clause" />
    </if>
  </update>
  <update id="updateByPrimaryKeySelective" parameterType="com.phms.pojo.UserRole">
    update user_role
    <set>
      <if test="userId != null">
        user_id = #{userId,jdbcType=VARCHAR},
      </if>
      <if test="roleId != null">
        role_id = #{roleId,jdbcType=INTEGER},
      </if>
    </set>
    where ur_id = #{urId,jdbcType=INTEGER}
  </update>
  <update id="updateByPrimaryKey" parameterType="com.phms.pojo.UserRole">
    update user_role
    set user_id = #{userId,jdbcType=VARCHAR},
      role_id = #{roleId,jdbcType=INTEGER}
    where ur_id = #{urId,jdbcType=INTEGER}
  </update>
  
  
  <select id="getRoleId" resultMap="BaseResultMap" parameterType="java.lang.String" >
    select
    <include refid="Base_Column_List" />
    from user_role where user_id=#{userId,jdbcType=VARCHAR}
  </select>

  <select id="getRoles" parameterType="java.lang.String" resultType="java.lang.String">
    select distinct
    	r.name
    from user_role ur
    left join role r
    on r.role_id = ur.role_id
    where ur.user_id = #{userId}
  </select> 
</mapper>