<?xml version="1.0" encoding="UTF-8"?>
<configuration>

    <conversionRule conversionWord="clr" converterClass="org.springframework.boot.logging.logback.ColorConverter" />
    <conversionRule conversionWord="wex" converterClass="org.springframework.boot.logging.logback.WhitespaceThrowableProxyConverter" />

    <property name="CONSOLE_LOG_PATTERN" value="%clr(%d{yyyy-MM-dd HH:mm:ss.SSS}){faint} %clr(%5p) %clr(%-40.40logger{39}){cyan} %clr(:){faint} %m%n%wex"/>
    <property name="FILE_LOG_PATTERN" value="%d{yyyy-MM-dd HH:mm:ss.SSS} %5p ${PID:- } --- [%t] %-40.40logger{39} : %m%n%wex"/>

    <property name="LOG_HOME" value="D:/logs/phms" />

    <appender name="CONSOLE" class="ch.qos.logback.core.ConsoleAppender">
        <encoder>
            <pattern>${CONSOLE_LOG_PATTERN}</pattern>
            <charset>utf8</charset>
        </encoder>
    </appender>

    <appender name="INFO" class="ch.qos.logback.core.rolling.RollingFileAppender">
        <filter class="ch.qos.logback.classic.filter.LevelFilter">
            <level>INFO</level>
            <onMatch>ACCEPT</onMatch>
            <onMismatch>DENY</onMismatch>
        </filter>
        <encoder>
            <pattern>${FILE_LOG_PATTERN}</pattern>
        </encoder>
        <rollingPolicy class="ch.qos.logback.core.rolling.TimeBasedRollingPolicy">

            <fileNamePattern>${LOG_HOME}/info.%d{yyyy-MM-dd}.log</fileNamePattern>

            <MaxHistory>30</MaxHistory>
        </rollingPolicy>
    </appender>

    

    <appender name="WARN" class="ch.qos.logback.core.rolling.RollingFileAppender">
        <filter class="ch.qos.logback.classic.filter.LevelFilter">
            <level>WARN</level>
            <onMatch>ACCEPT</onMatch>
            <onMismatch>DENY</onMismatch>
        </filter>
        <encoder>
            <pattern>${FILE_LOG_PATTERN}</pattern>
        </encoder>
        <rollingPolicy class="ch.qos.logback.core.rolling.TimeBasedRollingPolicy">
            <fileNamePattern>${LOG_HOME}/warn.%d{yyyy-MM-dd}.log</fileNamePattern>
            <MaxHistory>60</MaxHistory>
        </rollingPolicy>
    </appender>


    <appender name="ERROR" class="ch.qos.logback.core.rolling.RollingFileAppender">
        <filter class="ch.qos.logback.classic.filter.LevelFilter">
            <level>ERROR</level>
            <onMatch>ACCEPT</onMatch>
            <onMismatch>DENY</onMismatch>
        </filter>
        <encoder>
            <pattern>${FILE_LOG_PATTERN}</pattern>
        </encoder>
        <rollingPolicy class="ch.qos.logback.core.rolling.TimeBasedRollingPolicy">
            <fileNamePattern>${LOG_HOME}/error.%d{yyyy-MM-dd}.log</fileNamePattern>
            <MaxHistory>120</MaxHistory>
        </rollingPolicy>
    </appender>
    

    <root level="INFO">
        <appender-ref ref="CONSOLE" />
        <appender-ref ref="INFO"/>
        <appender-ref ref="WARN"/>
        <appender-ref ref="ERROR"/>
    </root>
</configuration>